text,intent,response
"text",intent,"response"
"What does Tekworks do?",about,"Tekworks is a global executive search firm specializing in leadership and senior technical hires across industries. They help organizations build high-impact teams through tailored recruitment services."
"Tell me about Tekworks.",about,"Tekworks partners with businesses to provide executive search and talent acquisition services leveraging data-driven strategies and a vast talent pool to identify top candidates."
"What services do you offer?",services,"Tekworks offers Executive Hiring Leadership Hiring Professional Hiring and Technology Hiring services."
"Can you explain your executive hiring services?",services,"Their Executive Hiring service helps businesses identify and onboard transformative leaders through a data-driven and network-based approach."
"What is your leadership hiring process?",services,"Tekworks helps organizations find transformative leaders by deeply understanding the organizational needs and using proven search strategies."
"What kind of professionals do you hire?",services,"Tekworks hires performance-oriented operationally efficient professionals across domains and industries."
"Do you hire tech talent?",services,"Yes Tekworks specializes in hiring innovative and agile technology professionals to support digital transformation and growth."
"What are your hiring models?",hiring_options,"Tekworks offers Full-Time Hiring Flexible Hiring (contract and contract-to-hire) and RPO (Recruitment Process Outsourcing)."
"Do you provide flexible hiring?",hiring_options,"Yes they provide flexible hiring for both short-term and long-term needs through contract and contract-to-hire models."
"What is RPO?",hiring_options,"Recruitment Process Outsourcing (RPO) is a service where Tekworks manages part or all of the recruitment process offering scalable and cost-effective talent acquisition."
"How do you hire candidates?",recruitment_process,"Tekworks uses a 5-S hiring framework: Scout Source Screen Service and Select – ensuring a strategic data-driven and collaborative recruitment process."
"Can you explain your recruitment process?",recruitment_process,"Their process includes understanding client needs (Scout) identifying talent (Source) evaluating candidates (Screen) supporting interviews (Service), and final selection and onboarding (Select)."
"What are the steps in your hiring process?",recruitment_process,"The 5 steps are: Scout Source Screen Service and Select – each ensuring precise talent matching and smooth onboarding."
"What industries do you serve?",industries,"Tekworks serves industries including Financial Services Healthcare Technology E-Commerce Telecom and Retail."
"Do you serve the healthcare sector?",industries,"Yes Tekworks serves the healthcare sector among others providing specialized recruitment for critical roles."
"What is your approach to hiring?",approach,"They combine data-driven strategies personalized scouting and deep industry expertise to deliver impactful hiring solutions."
"How do you find the right candidates?",talent_sourcing,"Tekworks uses strong networking a deep talent pool and original research by experienced recruiters to find the best candidate matches."
"Why should we choose Tekworks?",why_us,"Tekworks offers a differentiated approach with data-driven recruitment personalized service and fast hiring timelines backed by experienced talent scouts."
"What makes Tekworks different?",why_us,"Their blend of empathy persistence and visionary leadership sets them apart along with their proven ability to match leadership talent to business needs."
"Tell me about the company culture.",culture,"At Tekworks the culture emphasizes collaboration continuous learning and innovation aiming to create a high-performance and inclusive work environment."
"How do you help companies grow?",growth,"Tekworks helps companies grow by providing top-tier talent through strategic hiring models enabling teams to scale efficiently and effectively."
"How big is your client base?",clients,"Tekworks works with a diverse set of clients across industries like healthcare finance technology e-commerce telecom and retail."
"What do your clients say?",testimonials,"Tekworks' clients commend their strategic hiring process industry understanding and ability to deliver high-quality talent in short timelines."
"How can I apply for a job?",jobs,"You can apply for a job at Tekworks by visiting the Careers page at www.tekworks.in/careers and filling out the contact form with your details and resume."
"Are there any job openings?",jobs,"Yes Tekworks is actively hiring for various roles. Visit their Careers page to learn more or submit your resume."
"Where can I find careers at Tekworks?",jobs,"Careers at Tekworks can be explored at https://www.tekworks.in/careers."
"How can I contact you?",contact,"You can contact Tekworks through their website's contact form or by emailing them at contact@tekworks.in."
"What’s the best way to reach Tekworks?",contact,"The best way to reach Tekworks is via their contact form at www.tekworks.in/#Contact-Us or through their email contact@tekworks.in."
"Who are the key people at Tekworks?",founders,"Tekworks’ leadership includes professionals with decades of experience in recruitment and talent acquisition. Specific names vary based on the entity."
"Who founded Tekworks?",founders,"Tekworks was founded by Amar Pratap Rama Murthy and other experienced professionals depending on the specific branch or entity."
"What is the mission of Tekworks?",about,"Tekworks’ mission is to deliver data-driven client-centric recruitment solutions that align with organizational goals and drive business success."
"What is the vision of Tekworks?",about,"Their vision is to be a trusted talent partner enabling businesses to scale with the right people and transforming hiring into a strategic advantage."
"Why is Tekworks a good company?",why_good,"Tekworks is known for its personalized approach industry expertise flexible hiring models and quick turnaround time, making it a valuable partner for hiring needs."
"What kind of company is Tekworks?",about,"Tekworks is a global executive search and recruitment firm that provides end-to-end hiring solutions across a wide range of industries and job roles."
"How long has Tekworks been in business?",about,"Tekworks was established over a decade ago and has grown into a trusted talent acquisition partner across industries."
"Who leads Tekworks?",founders,"Tekworks is led by experienced professionals like Amar Pratap Rama Murthy among others depending on the specific business entity."
"Do you have client testimonials?",testimonials,"Yes Tekworks features client testimonials highlighting their reliability hiring expertise and ability to deliver tailored recruitment solutions."
"How do I get in touch with your team?",contact,"You can reach the Tekworks team via the contact form at www.tekworks.in or by emailing contact@tekworks.in."
"Where is Tekworks located?",contact,"Tekworks is located in India with its operational branch in Tadepalli Andhra Pradesh."
"What job roles are you hiring for?",jobs,"Tekworks is hiring for roles such as Data Scientists Backend Developers and other leadership and technical positions."
"Can I submit my resume to Tekworks?",jobs,"Yes you can submit your resume via the contact form on the Careers page at www.tekworks.in/careers."
"What is it like to work at Tekworks?",work_system,"Tekworks offers a dynamic work environment focused on growth teamwork and innovation encouraging skill development and leadership."
"Do you support remote work?",work_system,"Tekworks provides flexible work options including remote opportunities depending on the role and project requirements."
"What technologies do you work with?",projects,"Tekworks works with modern technologies across industries, especially in tech-focused roles including data science, backend systems, and digital platforms."
"Can you give examples of past projects?",projects,"Tekworks has executed projects across fintech healthcare e-commerce and more focusing on leadership hiring and tech team building."
"What makes your hiring process effective?",recruitment_process,"Tekworks’ 5-S hiring framework ensures strategic sourcing precise screening and personalized client service for effective placements."
"How does Tekworks contribute to business growth?",growth,"By delivering top-tier talent and scalable hiring models Tekworks helps companies build stronger teams and accelerate their growth trajectory."
"What makes Tekworks successful?",growth,"Its success stems from a deep understanding of client needs a strong talent network and a commitment to delivering high-quality recruitment solutions."
"Why do companies choose Tekworks?",why_good,"Companies choose Tekworks for their speed precision industry expertise and personalized hiring solutions tailored to business needs."
"What are the benefits of working with Tekworks?",why_good,"Tekworks offers fast hiring domain expertise flexible models and a highly personalized approach that ensures the right fit."
"Do you help with contract hiring?",hiring_options,"Yes Tekworks offers flexible hiring including contract and contract-to-hire options for both short-term and long-term needs."
"Do you offer bulk hiring services?",hiring_options,"Tekworks can support bulk hiring through RPO and scalable sourcing strategies to meet high-volume recruitment needs."
"How do you ensure quality hiring?",talent_sourcing,"They combine expert talent scouting rigorous screening and data-backed evaluations to ensure every hire meets quality standards."
"Can I partner with Tekworks?",partnership,"Yes, Tekworks welcomes strategic partnerships for hiring, talent development, and workforce solutions."
"Do you provide staffing solutions?",services,"Yes, Tekworks provides end-to-end staffing solutions from executive search to tech hiring and bulk recruitment."
"What’s your client engagement process?",recruitment_process,"It starts with understanding client needs, followed by tailored sourcing, transparent communication, and post-hire support."
"Do you offer international hiring?",services,"Tekworks supports global hiring and helps businesses scale across regions by sourcing international talent as needed."
"Is Tekworks active on LinkedIn?",contact,"Yes, Tekworks maintains an active LinkedIn presence where they post job updates, insights, and company news."
"What is your company’s core value?",about,"Tekworks’ core values include client-first thinking, empathy, speed, visionary leadership, and building strong, collaborative partnerships."
"What sets Tekworks apart from other staffing firms?",why_good,"Tekworks offers a unique mix of speed, personalization, and data-driven hiring strategies that stand out in the staffing industry."
"How do you handle urgent hiring needs?",hiring_options,"They prioritize urgent needs with a rapid response team and a pre-qualified talent pool to speed up hiring turnaround."
"How do I schedule a meeting with your team?",contact,"You can schedule a meeting by reaching out via their contact form at www.tekworks.in or emailing contact@tekworks.in."
"Do you conduct campus placements?",jobs,"Tekworks engages in campus hiring to source emerging talent for entry-level roles in tech and business domains."
"Can I get a job as a fresher?",jobs,"Yes, Tekworks offers opportunities for freshers based on client requirements and periodically conducts campus hiring drives."
"What’s the work environment like at Tekworks?",work_system,"Tekworks promotes a performance-driven, collaborative, and flexible work culture that encourages growth and innovation."
"How do you build long-term client relationships?",growth,"By delivering consistent results, personalized service, and adapting to changing talent needs, Tekworks nurtures strong, lasting partnerships."
"What sectors do you specialize in for hiring?",industries,"Tekworks specializes in sectors like Healthcare, Fintech, E-Commerce, Telecom, Retail, and Technology."
"How do you match candidates with companies?",talent_sourcing,"They use a data-driven approach and deep industry insight to align candidate skills with company needs and culture."
"Can you walk me through your services?",services,"Services include Executive Hiring, Leadership Hiring, Professional & Tech Hiring, RPO, and flexible staffing options."
"Do you help startups with hiring?",services,"Yes, Tekworks partners with startups to scale their teams efficiently, offering tailored hiring models and access to niche talent."
"How do I know if Tekworks is the right fit for my company?",why_good,"Tekworks is ideal if you need fast, personalized, and high-quality hiring across leadership, tech, or volume roles."
"What’s your success rate in placements?",growth,"While exact numbers aren't listed, Tekworks emphasizes a high placement success rate backed by client satisfaction and repeat business."
"What locations do you operate in?",contact,"Tekworks operates primarily in India with a presence in Andhra Pradesh and remote hiring capabilities across global regions."
"How do you evaluate candidates?",recruitment_process,"Tekworks evaluates candidates through structured interviews, skill assessments, background checks, and cultural fit analysis."
"Do you offer training for job seekers?",jobs,"While Tekworks primarily focuses on hiring, some clients include upskilling support, and Tekworks guides candidates accordingly."
"Can I intern at Tekworks?",jobs,"Internship opportunities may be available based on project needs—it's best to contact them through the Careers page to inquire."
"Is Tekworks employee-friendly?",work_system,"Tekworks fosters a positive, inclusive, and growth-driven workplace culture where employees feel valued and supported."
"What’s the team structure like?",work_system,"Teams are structured based on projects and hiring domains, with cross-functional collaboration between sourcing, client relations, and tech experts."
"How do I refer someone to Tekworks?",contact,"You can refer someone by reaching out via the contact form or email with the candidate’s details and resume."
"What do your clients typically need help with?",services,"Clients typically seek help with leadership hiring, tech team building, bulk hiring, and establishing scalable recruitment systems."
"How do you maintain long-term relationships?",growth,"Tekworks builds long-term partnerships through transparent communication, consistent performance, and adapting to client needs over time."
"Do you have any awards or recognitions?",about,"While not listed on the website, Tekworks’ growth, reputation, and client retention reflect its recognition in the recruitment industry."
"Is Tekworks growing?",growth,"Yes, Tekworks is expanding its services, client base, and talent network across industries and geographies."
"How do you improve hiring efficiency?",recruitment_process,"Efficiency is driven by the 5-S hiring strategy—leveraging automation, talent networks, and fast client alignment."
"Do you offer contract-to-hire options?",hiring_options,"Yes, Tekworks supports contract-to-hire models, allowing clients to assess talent before permanent placement."
"What’s unique about your hiring strategy?",why_good,"Tekworks uses a tailored and data-backed approach to hiring that ensures speed, accuracy, and cultural fit."
"Can I schedule a consultation?",contact,"Yes, you can request a consultation through their contact form or by emailing contact@tekworks.in."
"What’s the onboarding process like?",work_system,"Tekworks supports clients through onboarding by aligning candidate expectations and ensuring smooth transitions into the role."
"How fast can you close hiring needs?",recruitment_process,"Depending on the role, Tekworks can close positions quickly by tapping into its ready talent pool and streamlined process."
"Do you have a talent pool ready?",talent_sourcing,"Yes, Tekworks maintains a pre-vetted talent pipeline to fulfill urgent and high-volume hiring needs efficiently."
"What’s your approach to passive candidates?",talent_sourcing,"Tekworks actively sources passive candidates through industry connections, outreach strategies, and personalized engagement."
"Can I talk to someone from your team?",contact,"Yes, visit www.tekworks.in/contact or email contact@tekworks.in to talk to a team member."
"Do you only work with big companies?",services,"Tekworks works with startups, mid-sized companies, and enterprises across different sectors and hiring scales."
"What’s your process for executive roles?",services,"Executive roles follow a specialized approach involving leadership profiling, network-based sourcing, and personalized engagement."
"Do you help with urgent hiring challenges?",hiring_options,"Yes, Tekworks provides rapid hiring solutions and has processes in place to address urgent talent needs."
"Do you use AI or tools to match candidates?",recruitment_process,"Tekworks combines human expertise with data-driven tools to match candidates accurately with roles and organizations."
"Can you help me hire remote developers?",services,"Yes, Tekworks can source and place remote developers for full-time, contract, or project-based roles."
"What roles do you usually fill?",services,"Tekworks fills roles across leadership, tech, backend, data science, and domain-specific positions across industries."
"Do you have a referral program?",contact,"While not explicitly stated, Tekworks accepts referrals through their website or direct contact and values trusted recommendations."
"What kind of companies work with you?",clients,"Tekworks works with companies in healthcare, fintech, retail, telecom, e-commerce, and IT services, from startups to enterprises."
"How do you ensure candidate quality?",talent_sourcing,"By applying multi-layered screening, background verification, and continuous engagement, Tekworks ensures quality hires."
"What are your screening methods?",recruitment_process,"Tekworks uses resume screening, technical tests, behavioral interviews, and reference checks to evaluate candidates thoroughly."
"Do you provide post-hiring support?",services,"Yes, Tekworks offers post-placement support to ensure smooth integration and client satisfaction."
"What’s your approach to diversity hiring?",services,"Tekworks promotes inclusive hiring practices and aims to build diverse teams aligned with clients’ organizational goals."
"Do you have case studies I can review?",projects,"While not listed directly on the site, Tekworks can share relevant case studies upon request based on your industry or hiring needs."
"Can you share your company’s achievements?",growth,"Tekworks has scaled recruitment for over 50 clients, delivered 20+ projects, and continues expanding across industries and geographies."
"What’s the experience level of your candidates?",talent_sourcing,"Tekworks provides candidates ranging from freshers to senior leadership roles, depending on client requirements."
"What sectors do your clients belong to?",clients,"Tekworks serves clients in IT, healthcare, e-commerce, fintech, telecom, and more."
"Can I request a callback?",contact,"Yes, you can request a callback via the contact form or by emailing contact@tekworks.in."
"How quickly can you provide resumes?",recruitment_process,"Resume submissions can begin within 24–72 hours depending on role complexity and client readiness."
"What are your core competencies?",about,"Tekworks specializes in executive search, tech hiring, bulk recruitment, and end-to-end talent solutions."
"Is there a way to stay updated with job openings?",jobs,"Yes, you can regularly check the Careers page or follow Tekworks on LinkedIn for updates."
"Can I apply through email?",jobs,"Yes, you can submit your resume via the contact form or email it directly to careers@tekworks.in."
"Do you organize job fairs or hiring events?",jobs,"Tekworks participates in hiring events based on client needs and may collaborate with institutions for campus drives."
"What’s your long-term vision?",about,"Tekworks aims to be a global talent enabler and the most trusted recruitment partner across sectors."
"Can I meet someone from your team in person?",contact,"Yes, in-person meetings can be scheduled by contacting the Tekworks team through their website or email."
"What’s your approach to client collaboration?",approach,"Tekworks works closely with clients through discovery, strategy alignment, execution, and ongoing feedback."
"Do you offer custom hiring solutions?",hiring_options,"Yes, Tekworks tailors hiring models to fit startup, mid-size, and enterprise client needs."
"What challenges do you help solve?",services,"Tekworks addresses leadership gaps, urgent hiring, tech talent shortages, and building scalable teams."
"Do you work with early-stage startups?",clients,"Yes, Tekworks supports startups in building foundational teams and scaling talent efficiently."
"What are your turnaround times for hiring?",recruitment_process,"Turnaround depends on the role, but urgent positions can be filled in as little as 3–7 days."
"How do you manage high-volume hiring?",hiring_options,"Tekworks uses a scalable process with a ready talent pool, automation, and multi-channel sourcing to manage bulk hiring."
"What kind of support do you provide after placement?",services,"Tekworks offers post-placement support to ensure candidate retention and smooth onboarding."
"Can you help us scale quickly?",growth,"Yes, Tekworks specializes in rapid hiring and scaling operations for growing businesses."
"What roles do you specialize in hiring?",services,"Tekworks hires for tech, leadership, backend, frontend, data science, and support roles across industries."
"Can you help with tech and non-tech roles?",services,"Yes, Tekworks provides both tech and non-tech hiring services based on client needs."
"Do you conduct background checks?",recruitment_process,"Yes, Tekworks verifies candidate backgrounds through third-party screening and reference checks."
"Is Tekworks a global company?",about,"Tekworks operates from India but supports clients across borders and is expanding its global reach."
"How do I stay connected with your updates?",contact,"Follow Tekworks on LinkedIn or subscribe via their website for company updates and job openings."
"What’s your social media presence like?",contact,"Tekworks is active on LinkedIn, where they share job postings, achievements, and hiring insights."
"Do you help with niche or hard-to-fill roles?",services,"Yes, Tekworks specializes in sourcing rare and high-demand talent through deep networks and strategic outreach."
"Can I schedule a demo of your services?",contact,"Yes, contact Tekworks to schedule a personalized demo or discovery session about their recruitment offerings."
"What does a typical engagement with Tekworks look like?",approach,"A typical engagement includes discovery, requirement gathering, role briefing, sourcing, evaluation, and onboarding support."
"Do you offer end-to-end recruitment?",services,"Yes, Tekworks handles everything from sourcing to onboarding, offering full-cycle recruitment services."
"Can you support urgent hiring spikes?",hiring_options,"Absolutely—Tekworks has a rapid hiring model to support spikes in demand with minimal lead time."
"How do you track hiring performance?",recruitment_process,"Tekworks uses hiring metrics, feedback loops, and retention data to measure and improve performance."
"Do you support international clients?",clients,"Yes, Tekworks works with clients globally and adapts to international hiring norms and expectations."
"What kind of background do your recruiters have?",about,"Recruiters at Tekworks come from HR, tech, and business backgrounds with deep experience in talent acquisition."
"Can I collaborate with Tekworks for a hiring event?",partnership,"Yes, Tekworks welcomes collaborations for hiring events, job fairs, and campus placements."
"Are your services suitable for small businesses?",clients,"Yes, Tekworks offers scalable and budget-friendly hiring solutions ideal for small businesses and startups."
"How do you ensure cultural fit in hiring?",talent_sourcing,"Tekworks evaluates soft skills, team compatibility, and organizational values to ensure cultural alignment."
"Can I join your talent network?",jobs,"Yes, candidates can submit resumes via the Careers page or contact Tekworks to be considered for future opportunities."
"What’s the feedback process like after interviews?",recruitment_process,"Tekworks provides structured feedback to both clients and candidates to ensure clarity and continuous improvement."
"Do you help reduce hiring costs?",why_good,"Yes, Tekworks optimizes hiring efficiency and reduces costs through streamlined processes and scalable solutions."
"Can I request a proposal from Tekworks?",contact,"Yes, you can request a tailored proposal by contacting the Tekworks team through their website or email."
"How can I start working with Tekworks?",contact,"Reach out through the contact form or email, and the team will set up a discovery call to get started."
"Do you assist with permanent staffing?",services,"Yes, Tekworks offers permanent staffing solutions for various industries and roles."
"Can I outsource my recruitment to you?",services,"Yes, Tekworks offers complete recruitment process outsourcing (RPO) services."
"Do you help reduce employee turnover?",why_good,"Yes, Tekworks focuses on cultural fit and long-term alignment to help reduce employee attrition."
"What’s your client onboarding process?",approach,"Onboarding includes discovery meetings, requirement analysis, role mapping, and alignment on timelines and expectations."
"Are you available for a discovery call?",contact,"Yes, Tekworks offers discovery calls to understand your hiring needs and propose solutions."
"Can you explain your value proposition?",why_good,"Tekworks combines speed, quality, scalability, and a client-centric approach to deliver unmatched hiring outcomes."
"How do I track progress once hiring starts?",recruitment_process,"Clients receive regular updates, performance reports, and milestone tracking throughout the hiring process."
"Do you customize hiring based on client needs?",hiring_options,"Yes, hiring models are fully customizable to suit your company’s size, goals, and challenges."
"What tools do you use for hiring?",recruitment_process,"Tekworks uses applicant tracking systems, AI tools, and recruitment platforms for efficient sourcing and screening."
"How do you maintain confidentiality during hiring?",recruitment_process,"Tekworks ensures strict data protection and NDAs for both client and candidate information."
"Are your recruiters industry specialists?",about,"Yes, recruiters at Tekworks have domain expertise across various sectors including IT, healthcare, and finance."
"Do you work on a success-based model?",services,"Yes, Tekworks offers success-based billing models where clients pay only upon successful placement."
"What are your billing models?",hiring_options,"Tekworks offers flexible billing—retainer, success-based, and hybrid models depending on client needs."
"Can you help us build a long-term hiring strategy?",growth,"Yes, Tekworks partners with clients to create scalable, future-proof hiring roadmaps."
"Do you offer consulting for recruitment strategy?",services,"Yes, strategic consulting is part of Tekworks’ services to align talent acquisition with business goals."
"How do I know if my company is a good fit for Tekworks?",why_good,"Tekworks works with startups to enterprises; if you're looking to scale with quality hires, you’re a great fit."
"What are your values as a company?",about,"Tekworks values integrity, client success, transparency, innovation, and people-first recruitment."
"Can I visit your office?",contact,"Yes, you can schedule an appointment and visit the Tekworks office located in Tadepalli, Andhra Pradesh."
"Do you help with employer branding?",services,"Yes, Tekworks supports companies with branding strategies to attract top talent."
"What kind of metrics do you track in hiring?",recruitment_process,"Metrics include time-to-fill, candidate quality, retention, sourcing effectiveness, and client satisfaction."
"How do you handle feedback from clients?",growth,"Tekworks incorporates client feedback at every stage to enhance delivery and strengthen relationships."
"Do you provide analytics or reports?",services,"Yes, Tekworks provides hiring performance dashboards, analytics, and custom reports."
"How often do you update clients during the hiring process?",recruitment_process,"Tekworks provides weekly or customized updates based on client preferences and hiring stage."
"Do you help companies build long-term hiring pipelines?",growth,"Yes, Tekworks assists in building proactive talent pipelines for future hiring needs."
"Can I meet with someone from business development?",contact,"Yes, reach out through the contact form to schedule a meeting with the business development team."
"How do you support candidate experience?",work_system,"Tekworks ensures timely communication, feedback, and a respectful process for all candidates."
"Can I get a free consultation?",contact,"Yes, Tekworks offers an initial free consultation to understand your hiring requirements."
"Do you help startups scale their teams?",growth,"Yes, Tekworks has dedicated solutions for early-stage startups to scale rapidly and cost-effectively."
"What makes your team qualified for recruitment?",about,"The Tekworks team includes experienced recruiters with domain expertise and a track record of successful placements."
"Can I partner with Tekworks for bulk hiring?",partnership,"Yes, Tekworks regularly partners with companies for volume-based and rapid hiring needs."
"What regions do you serve?",contact,"Tekworks serves clients across India and globally, with a base in Andhra Pradesh."
"Do you assist with succession planning?",services,"Yes, Tekworks offers leadership and succession hiring services for future-proofing organizations."
"Can Tekworks help with team expansion?",growth,"Absolutely—Tekworks is skilled at scaling teams across tech and business functions."
"What’s your candidate retention rate?",growth,"Tekworks boasts a high retention rate due to its focus on fit, onboarding, and post-placement support."
"Do you work with NGOs or government sectors?",clients,"Yes, Tekworks partners with NGOs and government bodies for specialized hiring solutions."
"Can I schedule a hiring needs analysis?",contact,"Yes, you can contact Tekworks to schedule a personalized hiring needs assessment."
"Do you support project-based hiring?",hiring_options,"Yes, Tekworks provides hiring support for project-based and short-term staffing needs."
"What’s the client satisfaction rate?",why_good,"Tekworks consistently maintains high client satisfaction through efficient service and long-term success."
"Do you provide contract staffing?",services,"Yes, Tekworks offers flexible contract staffing services across various industries."
"Can you help me plan my hiring budget?",services,"Yes, Tekworks can assist in planning a cost-effective hiring strategy tailored to your budget."
"How do you reduce time-to-hire?",recruitment_process,"By leveraging automation, a large talent pool, and efficient screening methods, Tekworks reduces time-to-hire."
"What makes Tekworks recruiters better?",about,"Tekworks recruiters are experienced, industry-aligned, and driven by a quality-first hiring mindset."
"Do you use automation in hiring?",recruitment_process,"Yes, Tekworks uses automation tools for sourcing, screening, and communication to improve speed and accuracy."
"Can I see client success stories?",projects,"Yes, Tekworks has documented case studies showcasing success in different industries and hiring models."
"How do you tailor hiring for each client?",hiring_options,"Tekworks customizes its hiring process, sourcing channels, and engagement model based on each client’s needs."
"Do you offer short-term staffing solutions?",hiring_options,"Yes, Tekworks provides staffing for temporary, seasonal, or urgent short-term projects."
"How can I check the status of my application?",jobs,"You can check your application status by contacting the HR team via the provided email or portal."
"Can you walk me through your talent pipeline?",talent_sourcing,"Tekworks builds a structured pipeline including passive candidates, referrals, and pre-screened talent pools."
"Do you work with freelance or gig workers?",hiring_options,"Yes, Tekworks can support hiring for freelance, part-time, and gig-based roles."
"How do you handle confidential hiring needs?",recruitment_process,"Tekworks manages confidential roles with discretion, NDA compliance, and secure communication."
"Can I speak to someone about enterprise hiring?",contact,"Yes, Tekworks has a team dedicated to managing large-scale and enterprise-level hiring needs."
"What’s your SLA for filling roles?",recruitment_process,"Service Level Agreements vary by role, typically ranging from 5 to 20 business days."
"How do you measure client satisfaction?",why_good,"Tekworks uses surveys, review calls, and performance metrics to gauge and improve client satisfaction."
"Can you help reduce recruitment overhead?",why_good,"Yes, Tekworks minimizes internal workload through outsourcing, automation, and process optimization."
"What kind of companies have you worked with?",clients,"Tekworks works with startups, SMEs, MNCs, and enterprises across sectors like tech, healthcare, and retail."
"Do you do volume hiring for call centers?",services,"Yes, Tekworks offers high-volume hiring for call centers and BPOs with fast turnaround times."
"Can I view your hiring case studies?",projects,"Yes, Tekworks provides access to success stories and case studies on request."
"How do you onboard new clients?",approach,"Client onboarding involves discovery, goal alignment, process setup, and team assignment within a week."
"What’s your follow-up process after placement?",services,"Follow-up includes periodic feedback collection, support, and performance checks with clients and hires."
"Do you support cross-functional hiring?",services,"Yes, Tekworks hires across functions—tech, HR, finance, operations, and leadership roles."
"Can you help us build a hiring roadmap?",growth,"Yes, Tekworks collaborates with clients to create short-term and long-term hiring strategies."
"What’s your turnaround time for tech roles?",recruitment_process,"Tech roles are typically filled within 10 to 15 business days depending on complexity."
"Do you have expertise in hiring leadership roles?",services,"Yes, Tekworks specializes in executive search and leadership hiring across industries."
"How do you stay updated with market hiring trends?",about,"The Tekworks team regularly attends industry events, subscribes to hiring intelligence platforms, and runs internal research."
"Do you specialize in tech hiring?",services,"Yes, Tekworks has deep expertise in tech hiring, from developers to data scientists and DevOps engineers."
"How can I schedule a strategy call?",contact,"You can schedule a strategy call through our contact page or by emailing our business team directly."
"What makes your approach people-centric?",approach,"Tekworks prioritizes relationships, career growth, and cultural fit to ensure success for both clients and candidates."
"Do you offer employer branding services?",services,"Yes, Tekworks assists companies in enhancing their employer brand to attract top talent."
"How do you build candidate relationships?",talent_sourcing,"Through regular engagement, personalized communication, and career support, Tekworks builds strong candidate relationships."
"Can Tekworks assist with team restructuring?",services,"Yes, Tekworks helps companies restructure teams during scaling, pivoting, or transformation phases."
"What tools do you use to manage recruitment?",recruitment_process,"Tekworks uses ATS platforms, CRM tools, AI-based sourcing tools, and analytics dashboards."
"How flexible is your hiring engagement?",hiring_options,"Tekworks offers flexible hiring models including on-demand, contract-based, project-based, and full-time hiring."
"What industries do you have most experience in?",clients,"Tekworks has experience in tech, healthcare, BFSI, retail, logistics, and manufacturing."
"Do you handle mass recruitment drives?",services,"Yes, Tekworks is equipped to manage high-volume recruitment drives across sectors."
"Can you help us scale our team quickly?",growth,"Yes, Tekworks provides rapid hiring support with ready talent pools and agile processes."
"What’s your communication process during hiring?",recruitment_process,"Tekworks maintains regular updates via emails, dashboards, and dedicated account managers."
"Do you offer post-placement support?",services,"Yes, post-placement support includes feedback collection, performance tracking, and replacement guarantees if needed."
"Can you guide us on competitive salaries?",services,"Yes, Tekworks provides salary benchmarking and industry insights to help you stay competitive."
"What’s your average hiring success rate?",growth,"Tekworks maintains a high hiring success rate, typically over 90% on active mandates."
"Do you help build high-performance teams?",why_good,"Yes, Tekworks focuses on hiring for long-term fit, cultural alignment, and skills needed to build high-performing teams."
"Can I get a detailed proposal?",contact,"Yes, we’ll be happy to send you a detailed proposal based on your hiring needs. Just reach out via our contact form."
"Are your services customizable?",hiring_options,"Absolutely, Tekworks customizes services based on business size, sector, and hiring urgency."
"Do you assist in building job descriptions?",services,"Yes, Tekworks works with hiring managers to craft role-specific, market-relevant job descriptions."
"How do you handle urgent executive hiring?",services,"Tekworks uses its executive search network and dedicated team for swift and discreet leadership hiring."
"Do you help with workforce planning?",services,"Yes, Tekworks partners with clients to map hiring goals and workforce needs over short and long terms."
"How can I request a callback from your team?",contact,"You can fill out a quick form on the website or send an email requesting a callback."
"Can Tekworks help with succession planning?",services,"Yes, Tekworks supports succession planning by identifying and nurturing future leadership talent."
"Do you provide talent mapping services?",talent_sourcing,"Yes, Tekworks offers talent mapping to help companies understand the talent landscape for strategic roles."
"What differentiates Tekworks from competitors?",why_good,"Our people-first approach, agility, tech-enabled processes, and consistent results set us apart."
"Can I request a custom hiring solution?",hiring_options,"Yes, we offer tailored hiring solutions for startups, scale-ups, and enterprises."
"How can I learn more about your case studies?",projects,"You can request our case study deck by contacting our business development team."
"Do you help with building startup teams?",growth,"Yes, Tekworks supports early-stage startups in building foundational and scalable teams."
"Can I reach out via LinkedIn?",contact,"Yes, you can find and message Tekworks on LinkedIn for quick responses and updates."
"Do you offer dedicated account managers?",services,"Yes, every client is assigned a dedicated account manager to ensure consistent support and communication."
"How do you handle onboarding for new hires?",work_system,"Tekworks helps clients streamline onboarding by coordinating documentation, introductions, and feedback."
"What sectors do your clients belong to?",clients,"Tekworks clients span sectors including IT, healthcare, finance, e-commerce, logistics, and telecom."
"Can I follow Tekworks on social media?",contact,"Yes, Tekworks is active on LinkedIn, Instagram, and Twitter—follow for updates and insights."
"How do you maintain transparency in hiring?",recruitment_process,"Tekworks ensures transparency through detailed reporting, status updates, and collaborative platforms."
"What are your hiring engagement models?",hiring_options,"We offer retained, contingency, success-based, project-based, and RPO (Recruitment Process Outsourcing) models."
"Can Tekworks scale up recruitment during peak times?",hiring_options,"Yes, we scale resources and sourcing efforts quickly to meet peak hiring demands."
"Do you help identify skills gaps?",services,"Yes, Tekworks conducts skills gap analysis to help companies hire and train effectively."
"What makes Tekworks reliable for hiring?",why_good,"Our reliability comes from consistent results, a vetted talent network, and a responsive recruitment process."
"Do you provide quarterly hiring reports?",services,"Yes, Tekworks offers detailed quarterly hiring reports for insights into performance, trends, and improvements."
"How do you track hiring KPIs?",recruitment_process,"Tekworks tracks KPIs like time-to-fill, quality of hire, offer acceptance rate, and candidate experience."
"Do you have recruiters with industry expertise?",about,"Yes, our recruiters specialize in industries such as IT, healthcare, BFSI, and logistics for domain-specific hiring."
"Can I contact support outside business hours?",contact,"Yes, we offer extended support hours, especially for clients in different time zones or urgent needs."
"Do you offer end-to-end workforce solutions?",services,"Yes, Tekworks provides complete workforce solutions, from sourcing to onboarding and post-placement support."
"How can I stay informed about open positions?",jobs,"You can follow us on LinkedIn, subscribe to job alerts, or check our careers page for regular updates."
"Can you handle international recruitment campaigns?",services,"Yes, Tekworks has experience managing global recruitment drives across regions and industries."
"Can you help us optimize our hiring funnel?",recruitment_process,"Yes, we analyze each stage of your hiring process to improve conversion rates and efficiency."
"Do you support seasonal hiring needs?",hiring_options,"Yes, we offer seasonal staffing solutions for peak workloads and short-term projects."
"How do you ensure a diverse candidate pool?",talent_sourcing,"Tekworks proactively sources from diverse channels and uses inclusive hiring practices."
"Can I see sample job descriptions you’ve created?",services,"Yes, we can share anonymized job description templates tailored to specific roles and industries."
"Do you assist with campus recruitment?",services,"Yes, Tekworks partners with educational institutions to run campus hiring programs for fresh talent."
"What kind of clients do you typically work with?",clients,"We work with startups, SMBs, enterprises, and Fortune 500 companies across multiple sectors."
"How fast can you start working with us?",contact,"We can begin as soon as onboarding is complete—typically within a few business days."
"Do you offer strategic hiring consultation?",services,"Yes, our experts provide hiring strategy consulting to align recruitment with business goals."
"What KPIs do you focus on in recruitment?",recruitment_process,"Key KPIs include time-to-hire, cost-per-hire, quality of hire, and sourcing channel efficiency."
"Can Tekworks help me build a tech team?",services,"Yes, we specialize in building tech teams across software development, data science, and IT roles."
"Do you support hiring for remote-first companies?",services,"Yes, Tekworks helps remote-first and hybrid companies hire talent globally."
"Can I contact Tekworks via WhatsApp?",contact,"Yes, you can reach us via WhatsApp for faster responses—contact details are on our website."
"What are the advantages of choosing Tekworks?",why_good,"Tekworks offers personalized service, tech-enabled hiring, fast turnaround, and a strong talent network."
"Do you support rapid scaling for startups?",growth,"Yes, Tekworks helps startups quickly scale their teams without compromising on quality."
"How do you manage large talent databases?",talent_sourcing,"We use smart ATS tools and segmentation techniques to manage and quickly access quality talent."
"Do you provide weekly hiring updates?",recruitment_process,"Yes, Tekworks provides weekly or real-time updates based on your preference during the hiring cycle."
"Can I schedule an introductory call?",contact,"Absolutely, just fill out our contact form or email us and we’ll schedule a convenient time."
"Do you help retain top talent?",why_good,"Yes, by ensuring the right fit and supporting post-placement engagement, we help improve talent retention."
"Can Tekworks support long-term workforce planning?",growth,"Yes, Tekworks collaborates with clients on long-term hiring roadmaps and succession planning."
"How do you stay aligned with our company culture?",talent_sourcing,"We learn about your culture early on and screen candidates for values and soft skills accordingly."
"Do you handle both permanent and contract hiring?",hiring_options,"Yes, Tekworks offers solutions for permanent, contract, and project-based hiring across domains."
"What’s your average time-to-fill a position?",recruitment_process,"Our average time-to-fill varies by role but typically ranges from 7 to 21 days depending on complexity."
"Can I share hiring feedback with your team?",contact,"Absolutely, we encourage client feedback and provide direct channels for sharing your experience."
"Do you offer support after candidates are hired?",services,"Yes, we offer post-placement support including check-ins and assistance with integration."
"How flexible is your hiring workflow?",hiring_options,"Our hiring workflow is highly customizable to match your business needs and processes."
"Can I request an in-depth hiring consultation?",contact,"Yes, you can schedule a consultation by contacting us through our website or email."
"Do you help companies improve candidate experience?",work_system,"Yes, we streamline communication, feedback, and transparency to enhance the candidate journey."
"Can you handle urgent volume hiring for product launches?",hiring_options,"Yes, we specialize in scaling up quickly for high-volume hiring needs during product or service rollouts."
"How do you manage passive candidate sourcing?",talent_sourcing,"We use data-driven sourcing, networking, and personalized outreach to engage passive candidates."
"Do you assist with building employer value propositions?",services,"Yes, we help define and promote your employer brand to attract top talent."
"What kind of support do you provide to HR teams?",services,"We offer recruitment support, strategy planning, tools, and process optimization to HR departments."
"Can Tekworks manage the full talent lifecycle?",services,"Yes, we manage sourcing, screening, placement, onboarding, and retention support."
"Do you provide multilingual recruitment services?",services,"Yes, we support hiring across multiple languages depending on your regional needs."
"What’s your experience with global hiring?",clients,"We’ve successfully managed global recruitment campaigns across North America, Europe, and APAC."
"Can I schedule a virtual meeting?",contact,"Yes, we can arrange a virtual meeting via Zoom or Google Meet at your convenience."
"Do you work with Fortune 500 companies?",clients,"Yes, Tekworks has served multiple Fortune 500 clients across different verticals."
"Can I receive weekly reports on hiring progress?",recruitment_process,"Yes, we provide weekly or real-time reporting on hiring status and performance metrics."
"How do you manage interview coordination?",recruitment_process,"We handle scheduling, communication, and confirmations to ensure a smooth interview process."
"Can you help design onboarding strategies?",work_system,"Yes, we collaborate with clients to create tailored onboarding plans that boost retention."
"How do you train your recruitment team?",about,"Our recruiters receive regular training in sourcing, interview techniques, industry trends, and client-specific requirements."
"Do you offer training for hiring managers?",services,"Yes, we provide interview coaching, role alignment workshops, and hiring best practices for managers."
"Can I customize my hiring dashboard?",hiring_options,"Yes, we offer customizable dashboards to track hiring metrics and workflows as per your needs."
"Do you support skill-based hiring?",services,"Yes, we emphasize skills-based assessments and screening to ensure the right match for the role."
"Do you have experience in executive search?",services,"Yes, Tekworks has a dedicated team for leadership and executive-level recruitment."
"Can Tekworks help with hybrid work hiring?",work_system,"Yes, we support hybrid work hiring by sourcing candidates comfortable with both remote and in-office models."
"How do you manage multiple role requirements?",hiring_options,"We assign specialized recruiters and use structured pipelines to manage multiple openings efficiently."
"Do you conduct hiring audits?",services,"Yes, we offer hiring audits to evaluate and optimize your recruitment strategy and execution."
"Can I get a dedicated hiring consultant?",contact,"Yes, each client is assigned a dedicated consultant to oversee hiring needs and ensure alignment."
"What are your service level guarantees?",why_good,"We offer SLAs around response times, candidate quality, and time-to-hire to ensure client satisfaction."
"Do you track post-hiring performance?",services,"Yes, we track post-hiring metrics such as retention, performance, and satisfaction to ensure success."
"How do you ensure quality in your hiring process?",recruitment_process,"We use structured interviews, skill assessments, and multi-layer screening to ensure top-quality hires."
"Do you assist with diversity and inclusion hiring?",services,"Yes, we proactively support D&I hiring through diverse sourcing, unbiased screening, and inclusive practices."
"Can Tekworks help with team restructuring?",services,"Yes, we assist with team restructuring by analyzing current setups and advising optimal configurations."
"Do you support data-driven hiring strategies?",services,"Absolutely, we use data and analytics to guide sourcing, screening, and decision-making in recruitment."
"What does a kickoff meeting look like with your team?",approach,"It typically involves goal setting, role clarification, timeline planning, and aligning on hiring expectations."
"Do you offer a hiring success guarantee?",why_good,"Yes, we provide replacement guarantees and stand by our quality of hires to ensure your satisfaction."
"Can I track candidate progress in real-time?",recruitment_process,"Yes, we offer live updates through dashboards or direct communication based on your preference."
"Do you work with startups and enterprises alike?",clients,"Yes, we cater to both agile startups and large enterprises with tailored hiring solutions."
"Can I share our hiring roadmap with your team?",contact,"Yes, we'd love to collaborate—sharing your roadmap helps us align our services with your goals."
"Do you consult on hiring compliance?",services,"Yes, we guide you on compliance with labor laws, diversity policies, and industry-specific hiring norms."
"Can you help us align hiring with business goals?",growth,"Absolutely, we ensure hiring strategies support your long-term business objectives and growth plans."
"Do you help identify leadership potential?",talent_sourcing,"Yes, we use behavioral insights and structured assessments to evaluate leadership and managerial skills."
"What kind of post-hiring analytics do you provide?",services,"We share metrics like retention rates, candidate performance, and hiring effectiveness to assess ROI."
"Do you offer guidance on team structure?",services,"Yes, we help optimize your team structure based on function, scalability, and collaboration needs."
"Can Tekworks support campus-to-corporate transitions?",services,"Yes, we offer programs and hiring pipelines specifically designed for fresh graduates entering the workforce."
"How do you build long-term client relationships?",growth,"We focus on consistent communication, measurable results, and evolving solutions to support ongoing hiring needs."
"Do you have a team dedicated to tech recruitment?",about,"Yes, we have a specialized tech hiring team with deep experience in engineering, product, and IT roles."
"What hiring platforms do you integrate with?",recruitment_process,"We work with platforms like LinkedIn, Naukri, ATS systems, and other recruitment tech tools."
"Can you help reduce bad hires?",why_good,"Yes, our screening process, assessments, and fit evaluations significantly reduce chances of mismatched hires."
"Do you assist with market salary benchmarking?",services,"Yes, we provide salary benchmarking to help you stay competitive and attract top talent."
"Can I set up recurring meetings with your team?",contact,"Yes, we’re happy to set up regular check-ins to keep hiring aligned and on track."
"Do you create job marketing strategies?",services,"Yes, we craft targeted job marketing plans including copywriting, SEO, and platform-based promotion."
"How do you assess candidate fit?",recruitment_process,"We assess fit through interviews, psychometric tests, background checks, and culture alignment assessments."
"What role does technology play in your process?",recruitment_process,"We use AI-based screening, ATS, and data analytics to speed up and improve hiring decisions."
"Can you manage talent pipelines across departments?",hiring_options,"Yes, we can manage segmented pipelines tailored to different departments and hiring needs."
"Do you help companies build future-ready teams?",growth,"Yes, we focus on strategic hiring and skill mapping to prepare your teams for future challenges."
"What are your steps for handling bulk hiring?",recruitment_process,"We use volume sourcing, assessment centers, batch interviews, and dedicated teams for bulk hiring."
"How can we collaborate on a long-term basis?",partnership,"We offer flexible partnership models to support your long-term growth with dedicated support and strategy."
"Do you provide recruitment marketing solutions?",services,"Yes, we help market job openings using strategic content, branding, and digital outreach."
"Can I monitor hiring metrics live?",recruitment_process,"Yes, we provide real-time dashboards and updates to track progress and performance metrics."
"How do you deal with hard-to-fill positions?",recruitment_process,"We use targeted sourcing, specialized networks, and in-depth screening for niche roles."
"Do you consult on team culture alignment?",services,"Yes, we evaluate company culture and ensure hires align with your core values and environment."
"Can you help revamp our hiring process?",services,"Absolutely, we analyze your current system and redesign it for better speed, quality, and consistency."
"Do you specialize in any specific industries?",clients,"Yes, we specialize in tech, healthcare, finance, and other high-demand sectors."
"What does a typical client engagement look like?",approach,"It starts with a discovery session, followed by strategic planning, sourcing, and continuous collaboration."
"How do I initiate a hiring request?",contact,"Simply reach out via our website, email, or call—our team will guide you through the next steps."
"Can you build a remote talent pipeline?",talent_sourcing,"Yes, we specialize in sourcing and managing remote talent globally for distributed teams."
"Do you support multi-location hiring?",services,"Yes, we manage hiring needs across locations with localized sourcing strategies and coordination."
"How do you ensure data privacy in recruitment?",recruitment_process,"We follow strict data protection policies and secure systems to safeguard candidate and client information."
"Do you assist with candidate skill assessments?",services,"Yes, we offer technical and behavioral assessments to evaluate candidate capabilities."
"Can I set performance benchmarks with you?",hiring_options,"Yes, we work with clients to define and monitor hiring KPIs aligned with business goals."
"Do you follow agile recruitment methods?",recruitment_process,"Yes, we use agile principles to adapt quickly, iterate, and continuously improve hiring cycles."
"How do you tailor services for growing companies?",growth,"We scale our services with you—offering flexibility, speed, and expertise at every growth phase."
"Do you have success stories in niche markets?",projects,"Yes, we’ve helped clients in AI, medtech, and other niche markets successfully scale teams."
"Can I outsource our full hiring operations?",hiring_options,"Yes, we offer full-cycle recruitment process outsourcing with complete accountability and transparency."
"What’s your onboarding support like for companies?",work_system,"We provide structured onboarding support including documentation, orientation, and candidate follow-ups."
"How fast can you source candidates for urgent roles?",recruitment_process,"We begin sourcing immediately and prioritize urgent roles through our fast-track hiring channels."
"Do you provide talent advisory services?",services,"Yes, we consult on workforce planning, skill gaps, team design, and future-proof hiring strategies."
"What’s your typical recruitment team structure?",about,"Our teams usually include a recruiter, sourcer, hiring coordinator, and account manager for seamless execution."
"Do you offer strategic workforce planning?",services,"Yes, we help clients forecast needs and align hiring strategies with long-term workforce goals."
"How do you approach talent acquisition differently?",approach,"We blend tech, personalization, and business alignment to create more impactful hiring outcomes."
"Can you support us during organizational scaling?",growth,"Yes, we’ve helped startups and enterprises rapidly scale teams while maintaining hiring quality."
"Do you offer candidate feedback collection?",services,"Yes, we collect feedback post-interview to improve experiences and inform hiring improvements."
"How do you ensure smooth coordination between teams?",work_system,"We use shared tools, scheduled syncs, and dedicated points of contact to ensure clarity and progress."
"Can you provide recruitment health checks?",services,"Yes, we audit your current hiring process and suggest improvements based on industry benchmarks."
"What is your process for client onboarding?",approach,"We conduct an onboarding session, finalize hiring needs, and assign a dedicated team for execution."
"Do you specialize in high-volume hiring?",services,"Yes, we have systems and teams built for handling large-scale, rapid recruitment drives."
"Can you help us with passive candidate outreach?",talent_sourcing,"Yes, we use targeted messaging and relationship-building to engage passive candidates effectively."
"How do you track sourcing efficiency?",recruitment_process,"We track sourcing performance through metrics like time-to-source, source-of-hire, and candidate quality."
"Do you support employer-of-record solutions?",services,"Yes, we offer EOR solutions to help with global hiring, compliance, and onboarding."
"How do you align hiring with business cycles?",growth,"We analyze hiring trends and align recruitment activities with your seasonal and operational demands."
"Do you help create workforce diversity plans?",services,"Yes, we consult on inclusive hiring and develop strategies to promote workforce diversity."
"Can I receive SMS updates about hiring?",contact,"Yes, we offer SMS and email updates to keep you informed during the hiring process."
"Do you offer post-offer candidate engagement?",services,"Yes, we maintain engagement with candidates post-offer to ensure retention and reduce offer dropouts."
"What strategies do you use to boost hiring speed?",recruitment_process,"We use automated sourcing, proactive pipelines, and faster interview coordination to speed up hiring."
"Do you provide access to talent insights?",services,"Yes, we share data on talent availability, salary benchmarks, and competitive hiring trends."
"Can you assist with department-specific hiring?",hiring_options,"Yes, we tailor recruitment strategies based on department needs, skill sets, and priorities."
"How do you handle early attrition issues?",why_good,"We use structured onboarding, follow-ups, and feedback loops to minimize early attrition."
"Do you conduct hiring process audits?",services,"Yes, we evaluate your current hiring workflow and recommend improvements for better efficiency."
"How do you ensure hiring quality standards?",recruitment_process,"We maintain consistent quality through structured assessments, benchmarks, and candidate evaluations."
"Can we integrate our ATS with your systems?",recruitment_process,"Yes, we support ATS integrations for seamless data flow and candidate tracking."
"What kind of data do you use for sourcing decisions?",talent_sourcing,"We analyze market data, resume trends, and sourcing history to guide decision-making."
"Do you provide customized reporting dashboards?",services,"Yes, we create tailored dashboards for tracking metrics, progress, and hiring outcomes."
"Can I get a trial of your recruitment services?",contact,"We offer pilot programs to help you experience our recruitment approach before full engagement."
"Do you have experience in niche skill hiring?",services,"Yes, we specialize in hard-to-fill and niche skill roles across multiple industries."
"How do you ensure alignment with our hiring goals?",approach,"We conduct in-depth consultations to match our efforts with your short and long-term hiring goals."
"Can you work with internal HR teams?",services,"Yes, we collaborate closely with your HR to support and scale your internal recruitment functions."
"Do you assist in redesigning recruitment workflows?",services,"Yes, we help restructure workflows for better efficiency, speed, and scalability."
"How do you manage talent engagement pre-offer?",recruitment_process,"We maintain candidate relationships with timely communication, feedback, and personalized updates."
"Can you track candidate experience scores?",services,"Yes, we collect candidate feedback and measure satisfaction to refine the hiring experience."
"Do you offer analytics on hiring campaign performance?",recruitment_process,"Yes, we provide performance analytics covering sourcing, conversions, and time-to-hire."
"Can you help us benchmark our hiring processes?",services,"Yes, we compare your hiring practices against industry standards to identify improvement areas."
"What candidate engagement tools do you use?",recruitment_process,"We use CRM platforms, automated messaging tools, and feedback systems for engagement."
"Do you tailor your services for SMEs?",clients,"Yes, we offer scalable, cost-effective solutions designed specifically for small and mid-sized companies."
"How do you maintain consistency in multi-role hiring?",hiring_options,"We standardize processes, use structured evaluations, and assign dedicated teams for each function."
"Do you have regional hiring expertise?",clients,"Yes, our recruiters have deep understanding of local markets and regional hiring trends."
"Can you build long-term hiring strategies?",growth,"Yes, we develop strategic roadmaps to support your sustained hiring goals and organizational vision."
"How do you help optimize job ad performance?",services,"We use targeted SEO, platform analysis, and A/B testing to enhance job visibility and conversions."
"What’s your escalation process in hiring delays?",recruitment_process,"We escalate hiring delays through tiered communication involving recruiters, managers, and client stakeholders for quick resolution."
"Do you support integrated workforce planning?",services,"Yes, we help align your workforce strategy with business goals through integrated planning."
"Can you assist in building internal hiring capabilities?",services,"Yes, we train internal teams and implement systems to boost your in-house hiring efficiency."
"Do you assist in hiring for innovation teams?",services,"Yes, we support recruitment for R&D, innovation labs, and emerging tech teams."
"Can you support role prioritization for scaling?",growth,"We help identify and prioritize critical roles to support rapid business growth."
"Do you conduct recruitment trend analysis?",services,"Yes, we analyze market data and hiring patterns to keep you informed of key recruitment trends."
"What candidate sourcing platforms do you prefer?",talent_sourcing,"We use LinkedIn, job boards, niche portals, and proprietary databases for sourcing."
"Do you personalize hiring reports?",services,"Yes, we customize reports based on your preferred KPIs and business insights."
"Can Tekworks work on-site with our HR team?",contact,"Yes, we offer on-site recruitment partnerships depending on your location and requirements."
"Do you offer tools to visualize hiring funnels?",services,"Yes, we provide dashboards that help visualize each stage of your hiring funnel."
"How do you adapt to fast-changing hiring needs?",hiring_options,"We maintain flexible hiring models and agile teams to quickly respond to evolving demands."
"Can you help forecast future talent needs?",growth,"Yes, we analyze business growth, market trends, and hiring history to forecast future talent needs."
"How do you handle last-minute hiring requests?",hiring_options,"We maintain active talent pools and fast-track processes to meet urgent hiring requirements."
"Do you use AI tools for candidate matching?",recruitment_process,"Yes, we use AI-powered tools to enhance candidate-job fit and reduce screening time."
"Can you share hiring success stories?",projects,"Yes, we have several case studies showcasing successful partnerships and hiring outcomes."
"Do you support confidential executive searches?",services,"Yes, we handle executive searches with complete confidentiality and discretion."
"How do you manage skill verification?",recruitment_process,"We use assessments, technical screenings, and reference checks to verify candidate skills."
"Can I request a talent market analysis?",services,"Yes, we provide insights into talent availability, competition, and compensation benchmarks."
"Do you offer bilingual recruiter support?",services,"Yes, we have bilingual recruiters for multilingual communication and international hiring needs."
"How does Tekworks ensure smooth candidate onboarding?",work_system,"We coordinate with your teams to streamline documentation, induction, and early engagement."
"Can I get insights into hiring timelines?",recruitment_process,"Yes, we provide projected timelines and regular updates based on role complexity and pipeline."
"Do you help startups with their first hires?",growth,"Absolutely, we specialize in helping startups build their founding teams and scale from scratch."
"How does Tekworks reduce hiring costs?",why_good,"We streamline processes, reduce time-to-hire, and optimize sourcing to lower recruitment spend."
"What’s your typical response time for queries?",contact,"We usually respond within 24 hours during business days and offer priority support when needed."
"Can I book a consultation via your website?",contact,"Yes, you can schedule a call or meeting directly through our website’s contact form."
"Do you provide talent strategy workshops?",services,"Yes, we offer workshops focused on hiring strategy, employer branding, and talent planning."
"How do you partner with internal leadership teams?",approach,"We collaborate closely with leaders to align hiring with business strategy and team needs."
"Do you provide insights into industry hiring trends?",services,"Yes, we share reports and data-driven insights into market movements and hiring trends."
"Can I review performance metrics monthly?",recruitment_process,"Yes, we share monthly reports covering key hiring metrics and campaign performance."
"Do you work with companies outside India?",clients,"Yes, we support global hiring and partner with clients across different geographies."
"Can I track progress with a project manager?",contact,"Yes, we assign project managers who keep you informed and aligned at every stage."
"What makes your team recruitment experts?",about,"Our team combines years of hiring experience, industry knowledge, and data-driven strategies to deliver expert recruitment solutions."
"Do you offer scalable solutions for growing teams?",growth,"Yes, our recruitment services are designed to scale with your team’s size and hiring velocity."
"Can I request candidate pipeline snapshots?",recruitment_process,"Yes, we provide real-time snapshots and summaries of candidate pipelines for visibility and tracking."
"Do you offer hiring webinars or training?",services,"Yes, we conduct webinars and training sessions on recruitment best practices and trends."
"Do you guide companies on building hiring roadmaps?",services,"Yes, we help develop structured hiring plans aligned with business goals and timelines."
"How do you approach continuous hiring needs?",hiring_options,"We offer ongoing recruitment partnerships that support rolling requirements and talent pipelines."
"How do you handle sensitive role hiring?",services,"We follow a confidential and tailored process to handle sensitive or high-stakes positions discreetly."
"Can Tekworks assist in project-based hiring?",hiring_options,"Yes, we support short-term, contract, and project-based hiring needs efficiently."
"What tools do you use to evaluate candidate fit?",recruitment_process,"We use behavioral assessments, structured interviews, and role-specific scorecards to assess fit."
"Do you help create inclusive job descriptions?",services,"Yes, we help craft job descriptions that attract diverse candidates and align with DEI principles."
"Can we set hiring milestones together?",hiring_options,"Yes, we collaborate to define and track hiring goals and timelines that align with your growth plan."
"Do you have experience hiring in finance sector?",clients,"Yes, we’ve helped financial services firms hire across roles like compliance, risk, and data analytics."
"What happens after I submit a job request?",recruitment_process,"We begin role analysis, sourcing strategy, and share an initial candidate pool within agreed timelines."
"Do you create hiring playbooks for clients?",services,"Yes, we develop hiring playbooks to streamline recruitment processes and maintain consistency."
"Can you help us optimize time-to-hire?",recruitment_process,"Yes, we refine sourcing, screening, and coordination workflows to reduce hiring timelines."
"Do you provide backup candidates for key roles?",services,"Yes, we prepare shortlist backups to ensure smooth replacement in case of drop-offs or delays."
"Can you adapt to our internal tools and workflows?",work_system,"Absolutely, we integrate with your existing tools and adapt our workflows to fit your systems."
"How can I review candidate profiles you sourced?",contact,"You can access candidate details via shared dashboards, ATS integrations, or scheduled reports."
"Do you offer dashboards for talent analytics?",services,"Yes, we provide real-time dashboards with insights on sourcing, pipeline health, and performance."
"What is your client retention rate?",why_good,"We retain over 85% of our clients through consistent delivery, transparency, and results."
"Do you help improve hiring funnel conversion?",recruitment_process,"Yes, we identify bottlenecks and optimize each stage to improve candidate conversion rates."
"Can I integrate Tekworks into our HRMS?",recruitment_process,"Yes, we support integration with major HRMS platforms for seamless data flow and collaboration."
"Do you provide feedback on rejected candidates?",services,"Yes, we share constructive feedback when appropriate, helping improve future candidate alignment."
"Do you help with early-stage hiring strategy?",growth,"Yes, we guide startups and growing companies in shaping their initial hiring blueprint."
"Can you support a company through restructuring?",growth,"Yes, we provide hiring support, redeployment planning, and talent optimization during transitions."
"What types of roles have you filled before?",projects,"We’ve hired across tech, product, sales, operations, HR, marketing, and executive leadership roles."
"Do you have domain-specific hiring teams?",about,"Yes, we assign recruiters with domain expertise to ensure contextual understanding of each role."
"Can I schedule regular hiring review calls?",contact,"Yes, we encourage regular sync-ups to review progress, metrics, and align on next steps."
"How do you reduce hiring risks?",why_good,"We mitigate risks through structured interviews, assessments, references, and probationary follow-up."
"Do you help standardize interviews across teams?",work_system,"Yes, we create role-specific interview frameworks to ensure consistency across interviewers."
"Can you help align hiring with quarterly targets?",growth,"Yes, we align hiring strategies and volume with your quarterly business and growth milestones."
"Do you have expertise in hiring for SaaS companies?",clients,"Yes, we’ve successfully partnered with SaaS companies to hire across tech, product, and growth teams."
"Can you help us optimize job application flows?",recruitment_process,"Yes, we audit and improve application flows to reduce drop-offs and improve candidate experience."
"Do you support volume hiring across departments?",hiring_options,"Yes, we manage high-volume hiring initiatives across various functions and geographies."
"What’s the best way to start working with Tekworks?",contact,"You can start by booking a consultation or submitting a hiring request via our contact form."
"Can you review our current hiring strategy?",services,"Yes, we offer hiring strategy audits to identify gaps, inefficiencies, and optimization opportunities."
"How does Tekworks approach passive talent sourcing?",talent_sourcing,"We engage passive talent through tailored outreach, brand messaging, and long-term relationship building."
"Can I get help with internal referral program design?",services,"Yes, we assist in designing and optimizing internal referral programs to boost quality hires."
"Do you offer mentorship programs for recruiters?",services,"Yes, we provide recruiter mentorship, workshops, and best practice sharing to upskill internal teams."
"How do you evaluate sourcing efficiency?",recruitment_process,"We track time-to-source, conversion rates, and channel performance to evaluate sourcing effectiveness."
"Do you help track ROI on hiring activities?",services,"Yes, we provide metrics and dashboards to measure ROI across sourcing, screening, and hiring stages."
"Can you align hiring with annual business planning?",growth,"Yes, we develop yearly hiring roadmaps that align with your growth and business objectives."
"Do you support hiring in the healthcare sector?",clients,"Yes, we’ve supported healthcare hiring in roles such as clinical, tech, and administrative positions."
"Do you help with upskilling internal teams?",services,"Yes, we offer guidance and resources for talent development and internal capability building."
"Can I export hiring data from your platform?",contact,"Yes, you can export reports and dashboards in various formats through our platform or integrations."
"How do you handle hiring freezes or pauses?",recruitment_process,"We adjust sourcing plans, pipeline communications, and stay engaged until hiring resumes."
"Do you offer templates for hiring documents?",services,"Yes, we provide templates for job descriptions, scorecards, interview feedback, and more."
"Can you provide competitive intelligence for talent?",talent_sourcing,"Yes, we offer market data on salaries, skills, competitor hiring activity, and talent pools."
"Do you have in-house industry specialists?",about,"Yes, we have domain-specific recruiters and consultants who specialize in industries we serve."
"Can I assign priority levels to job roles?",hiring_options,"Yes, roles can be tagged by urgency and priority to optimize resource allocation and turnaround."
"Do you recommend tools for applicant screening?",services,"Yes, we recommend and integrate third-party tools for skill testing, behavioral screening, and more."
"Can Tekworks co-host hiring drives with us?",services,"Yes we organize and co-host hiring events both virtual and on-site tailored to your needs."
"How do you ensure quality across multiple hiring managers?",work_system,"We use standardized scorecards training and regular calibration sessions to maintain consistency."
"Do you help define employer brand strategies?",services,"Yes we craft messaging visuals and campaigns to build and promote your employer brand."
"Can I give real-time feedback on candidates?",recruitment_process,"Yes we enable instant feedback via dashboards shared tools and collaborative platforms."
"How do you maintain continuity in long-term projects?",work_system,"We assign dedicated account managers and keep documentation and candidate data centralized."
"Do you help build succession plans?",services,"Yes we support leadership mapping potential analysis and succession planning strategies."
"Can Tekworks assist with skill gap analysis?",services,"Yes we help identify skill gaps through assessments and benchmarking and recommend upskilling plans."
"How do you tailor solutions for different company sizes?",clients,"We adapt our recruitment strategy and engagement model to suit startups SMEs and enterprises."
"Do you provide employer branding toolkits?",services,"Yes our toolkits include templates messaging guides and visual assets for employer branding."
"Can I track applicant drop-off rates?",recruitment_process,"Yes we provide analytics that highlight stages with the highest candidate drop-off for optimization."
"How do you assist in planning for seasonal hiring?",hiring_options,"We forecast hiring peaks prep sourcing plans early and build temporary hiring pipelines as needed."
"Do you provide executive-level reporting?",services,"Yes we create detailed executive summaries with KPIs trends and actionable hiring insights."
"Can I request specialized sourcing campaigns?",talent_sourcing,"Yes we run targeted campaigns for niche skills or urgent needs using custom strategies."
"Do you offer hiring compliance checks?",services,"Yes we audit your process to ensure it aligns with labor laws diversity standards and documentation best practices."
"Can you advise on job leveling frameworks?",services,"Yes we consult on leveling systems that align job roles with scope impact and compensation."
"Do you handle remote onboarding strategy?",work_system,"Yes we help build structured onboarding plans for distributed teams including tools and milestones."
"What is your escalation process for delays?",recruitment_process,"We have tiered escalation protocols involving lead recruiters and account managers to resolve delays swiftly."
"Can you offer insights on candidate expectations?",talent_sourcing,"Yes we gather and report candidate feedback on roles salary culture and expectations during sourcing."
"How do you ensure team collaboration in hiring?",work_system,"We set up shared tools regular syncs and centralized workflows to keep hiring teams aligned."
"Do you support hiring for hybrid workplaces?",work_system,"Yes we tailor sourcing screening and onboarding to support hybrid work models effectively."
"Can Tekworks help launch a hiring campaign?",hiring_options,"Yes we plan and execute hiring campaigns with role-specific sourcing messaging and timeline control."
"Do you evaluate employer reputation online?",services,"Yes we monitor platforms like Glassdoor and LinkedIn and offer strategies to enhance employer perception."
"Can I collaborate with your analysts?",contact,"Yes we can connect you with our data analysts to explore hiring metrics trends and talent forecasts."
"Do you help re-engage previously sourced candidates?",recruitment_process,"Yes we maintain talent pools and re-engage qualified candidates through campaigns and outreach."
"What’s your approach to workforce forecasting?",growth,"We use business inputs market data and historical trends to project future workforce and skill needs."
